0,1,2,accuracy,macro avg,weighted avg
0.9402985074626866,0.8571428571428571,0.8395061728395061,0.8797814207650273,0.8789825124816831,0.8808415493297096
0.9402985074626866,0.6521739130434783,0.9714285714285714,0.8797814207650273,0.8546336639782455,0.8797814207650273
0.9402985074626866,0.7407407407407407,0.9006622516556292,0.8797814207650273,0.8605671666196856,0.8749750365572028
67.0,46.0,70.0,0.8797814207650273,183.0,183.0
