0,1,2,accuracy,macro avg,weighted avg
0.8769230769230769,0.7,0.8333333333333334,0.819672131147541,0.8034188034188033,0.8157769370884125
0.8507462686567164,0.6086956521739131,0.9285714285714286,0.819672131147541,0.7960044498006861,0.819672131147541
0.8636363636363636,0.6511627906976745,0.8783783783783784,0.819672131147541,0.7977258442374722,0.8158667279902507
67.0,46.0,70.0,0.819672131147541,183.0,183.0
