0,1,2,accuracy,macro avg,weighted avg
0.9142857142857143,0.8611111111111112,0.8701298701298701,0.8852459016393442,0.8818422318422318,0.8840292069800267
0.9552238805970149,0.6739130434782609,0.9571428571428572,0.8852459016393442,0.8620932604060444,0.8852459016393442
0.9343065693430657,0.7560975609756098,0.9115646258503401,0.8852459016393442,0.8673229187230053,0.8808117582534823
67.0,46.0,70.0,0.8852459016393442,183.0,183.0
